[
  {
    "parameterIndex": 0,
    "value": 130
  },
  {
    "parameterIndex": 1,
    "value": 2.37
  },
  {
    "parameterIndex": 2,
    "value": 0.28
  },
  {
    "parameterIndex": 3,
    "value": 2.69
  },
  {
    "parameterIndex": 4,
    "value": 0.0858
  },
  {
    "parameterIndex": 5,
    "value": 0.68
  },
  {
    "parameterIndex": 6,
    "value": 0.17
  },
  {
    "parameterIndex": 7,
    "value": 75
  },
  {
    "parameterIndex": 8,
    "value": 80
  },
  {
    "parameterIndex": 9,
    "value": 13
  },
  {
    "parameterIndex": 10,
    "value": 60
  },
  {
    "parameterIndex": 11,
    "value": 20
  },
  {
    "parameterIndex": 12,
    "value": 20
  },
  {
    "parameterIndex": 13,
    "value": 45
  },
  {
    "parameterIndex": 14,
    "value": 67
  },
  {
    "parameterIndex": 15,
    "value": 6
  },
  {
    "parameterIndex": 16,
    "value": 21
  },
  {
    "parameterIndex": 17,
    "value": 6
  },
  {
    "parameterIndex": 18,
    "value": 410000
  },
  {
    "parameterIndex": 19,
    "value": 75
  },
  {
    "parameterIndex": 20,
    "value": 0.85
  },
  {
    "parameterIndex": 21,
    "value": 0.7
  }
]