[{
  "id": 1,
  "name": "graph 1",
  "createdAt": "2017-08-01T12:29:01.764Z",
  "isAutomate": true,
  "parameters": [{
    "parameterIndex": 0,
    "value": 130
  }, {
    "parameterIndex": 1,
    "value": 2.37
  }, {
    "parameterIndex": 2,
    "value": 0.28
  }, {
    "parameterIndex": 3,
    "value": 2.69
  }, {
    "parameterIndex": 4,
    "value": 0.0858
  }, {
    "parameterIndex": 5,
    "value": 0.68
  }, {
    "parameterIndex": 6,
    "value": 0.17
  }, {
    "parameterIndex": 7,
    "value": 75
  }, {
    "parameterIndex": 8,
    "value": 80
  }, {
    "parameterIndex": 9,
    "value": 13
  }, {
    "parameterIndex": 10,
    "value": 60
  }, {
    "parameterIndex": 11,
    "value": 20
  }, {
    "parameterIndex": 12,
    "value": 20
  }, {
    "parameterIndex": 13,
    "value": 45
  }, {
    "parameterIndex": 14,
    "value": 67
  }, {
    "parameterIndex": 15,
    "value": 6
  }, {
    "parameterIndex": 16,
    "value": 21
  }, {
    "parameterIndex": 17,
    "value": 6
  }, {
    "parameterIndex": 18,
    "value": 410000
  }, {
    "parameterIndex": 19,
    "value": 75
  }, {
    "parameterIndex": 20,
    "value": 0.85
  }, {
    "parameterIndex": 21,
    "value": 0.7
  }]
}, {
  "id": 2,
  "name": "graph 2",
  "createdAt": "2017-08-01T12:29:01.764Z",
  "isAutomate": false,
  "parameters": [{
    "parameterIndex": 0,
    "value": 170
  }, {
    "parameterIndex": 1,
    "value": 1.37
  }, {
    "parameterIndex": 2,
    "value": 0.28
  }, {
    "parameterIndex": 3,
    "value": 1.69
  }, {
    "parameterIndex": 4,
    "value": 0.0158
  }, {
    "parameterIndex": 5,
    "value": 0.38
  }, {
    "parameterIndex": 6,
    "value": 0.27
  }, {
    "parameterIndex": 7,
    "value": 25
  }, {
    "parameterIndex": 8,
    "value": 40
  }, {
    "parameterIndex": 9,
    "value": 13
  }, {
    "parameterIndex": 10,
    "value": 20
  }, {
    "parameterIndex": 11,
    "value": 10
  }, {
    "parameterIndex": 12,
    "value": 10
  }, {
    "parameterIndex": 13,
    "value": 25
  }, {
    "parameterIndex": 14,
    "value": 37
  }, {
    "parameterIndex": 15,
    "value": 12
  }, {
    "parameterIndex": 16,
    "value": 12
  }, {
    "parameterIndex": 17,
    "value": 8
  }, {
    "parameterIndex": 18,
    "value": 220000
  }, {
    "parameterIndex": 19,
    "value": 65
  }, {
    "parameterIndex": 20,
    "value": 0.75
  }, {
    "parameterIndex": 21,
    "value": 0.6
  }]
}, {
  "id": 3,
  "name": "graph 3",
  "createdAt": "2017-08-01T12:29:01.764Z",
  "isAutomate": true,
  "parameters": [{
    "index": 1,
    "value": 2
  }]
}]
